"Refs","Value","Footprint","MPN","Manufacturer","LCSC","DNP","Qty"
"C1","DNP (C_f)","Capacitor_SMD:C_0603_1608Metric","","","","DNP","1"
"C2,C6-C8","100n X7R 50V","Capacitor_SMD:C_0603_1608Metric","CC0603KRX7R9BB104","Yageo","C14663","","4"
"C3,C4","10n X7R 50V","Capacitor_SMD:C_0603_1608Metric","0603B103K500NT","FH (Guangdong Fenghua)","C57112","","2"
"C5","10u 50V","Capacitor_SMD:CP_Elec_5x5.4","RVT1H100M0505","ROQANG","C72487","","1"
"D1","1N4148W","Diode_SMD:D_SOD-123","1N4148W","ST(Semtech)","C81598","","1"
"D2","BZT52C12 12V","Diode_SMD:D_SOD-123","BZT52C12","MDD(Microdiode Semiconductor)","C173429","","1"
"D3","DNP (output clamp)","Diode_SMD:D_SMA","","","","DNP","1"
"D4,D5","BAT54S","Package_TO_SOT_SMD:SOT-23","BAT54SLT1G","onsemi","C19726","","2"
"F1","PTC 100mA hold","Fuse:Fuse_1206_3216Metric","nSMD010","TECHFUSE","C70065","","1"
"J1","15V IN","Connector_BarrelJack:BarrelJack_Horizontal","DC-005 2.0","BOOMELE","C16214","","1"
"J2","15V BENCH","Connector_PinHeader_2.54mm:PinHeader_1x02_P2.54mm_Vertical","PZ254V-11-02P","XFCN","C492401","","1"
"J3","RANGE_FORCE","curve-tracer:PinHeader_2x03_P2.54mm_Vertical_RangeSelect","PZ254V-12-6P","XFCN","C492420","","1"
"J4","RANGE_SENSE","curve-tracer:PinHeader_2x03_P2.54mm_Vertical_RangeSelect","PZ254V-12-6P","XFCN","C492420","","1"
"J5","KELVIN  HI / LO","Connector_PinHeader_2.54mm:PinHeader_1x02_P2.54mm_Vertical","PZ254V-11-02P","XFCN","C492401","","1"
"J6","DUT  G / D / S","TerminalBlock_Phoenix:TerminalBlock_Phoenix_MKDS-1,5-3_1x03_P5.00mm_Horizontal","KF301-5.0-3P","Cixi Kefa","C474882","","1"
"J7","CN7 (morpho)","Connector_PinSocket_2.54mm:PinSocket_2x19_P2.54mm_Vertical","PM254-2-19-Z-8.5","HCTL","C2897420","","1"
"J8","CN10 (morpho)","Connector_PinSocket_2.54mm:PinSocket_2x19_P2.54mm_Vertical","PM254-2-19-Z-8.5","HCTL","C2897420","","1"
"NT1","NetTie","NetTie:NetTie-2_SMD_Pad0.5mm","","","","","1"
"NT2","NetTie — star point","NetTie:NetTie-2_SMD_Pad0.5mm","","","","","1"
"Q1","BD139","Package_TO_SOT_THT:TO-126-3_Vertical","BD139","STMicroelectronics","C27866","","1"
"Q2","MMBT3904","Package_TO_SOT_SMD:SOT-23","MMBT3904LT1G","onsemi","C81464","","1"
"R1,R9","23.2k 0.1%","Resistor_SMD:R_0603_1608Metric","RT0603BRE0723K2L","Yageo","C861768","","2"
"R2,R10","10k 0.1%","Resistor_SMD:R_0603_1608Metric","RT0603BRD0710KL","Yageo","C95204","","2"
"R3","330 1% 1W","Resistor_SMD:R_2512_6332Metric","FRC2512F3300TS","FOJAN","C2934068","","1"
"R4","DNP (R_B alt)","Resistor_THT:R_Axial_DIN0309_L9.0mm_D3.2mm_P12.70mm_Horizontal","","","","DNP","1"
"R5","10 1%","Resistor_SMD:R_1206_3216Metric","CRCW120610R0FKEAHP","Vishay","C511457","","1"
"R6","DNP (R_sense alt)","Resistor_THT:R_Axial_DIN0309_L9.0mm_D3.2mm_P12.70mm_Horizontal","","","","DNP","1"
"R7","22 1% 1W","Resistor_SMD:R_2512_6332Metric","RC2512FK-0722RL","Yageo","C276336","","1"
"R8","DNP (R_iso alt)","Resistor_THT:R_Axial_DIN0309_L9.0mm_D3.2mm_P12.70mm_Horizontal","","","","DNP","1"
"R11","1k 1% 1W","Resistor_SMD:R_2512_6332Metric","FRC2512F1001TS","FOJAN","C2960683","","1"
"R12","1 1% 1W","Resistor_SMD:R_2512_6332Metric","RC2512FK-071RL","Yageo","C181756","","1"
"R13","100 0.1%","Resistor_SMD:R_0805_2012Metric","RT0805BRD07100RL","Yageo","C110773","","1"
"R14,R21","10k 0.1%","Resistor_SMD:R_0805_2012Metric","RT0805BRD0710KL","Yageo","C110775","","2"
"R15,R17","1k 0.1%","Resistor_SMD:R_0805_2012Metric","RT0805BRD071KL","Yageo","C110774","","2"
"R16,R18","20k 0.1%","Resistor_SMD:R_0805_2012Metric","RT0805BRD0720KL","Yageo","C469660","","2"
"R19,R22","51 1%","Resistor_SMD:R_0603_1608Metric","0603WAF510JT5E","UNI-ROYAL","C23197","","2"
"R20","30k 0.1%","Resistor_SMD:R_0805_2012Metric","RT0805BRD0730KL","Yageo","C728649","","1"
"R23,R24","DNP (pull-down)","Resistor_SMD:R_0603_1608Metric","","","","DNP","2"
"TP1","OPA_SWEEP_OUT","TestPoint:TestPoint_Keystone_5000-5004_Miniature","5001","Keystone","","","1"
"TP2","BD139_B","TestPoint:TestPoint_Keystone_5000-5004_Miniature","5001","Keystone","","","1"
"TP3","BD139_E","TestPoint:TestPoint_Keystone_5000-5004_Miniature","5001","Keystone","","","1"
"TP4","FB_SENSE","TestPoint:TestPoint_Keystone_5000-5004_Miniature","5001","Keystone","","","1"
"TP5","LOAD","TestPoint:TestPoint_Keystone_5000-5004_Miniature","5001","Keystone","","","1"
"TP6","IN- (pad)","TestPoint:TestPoint_Pad_D1.0mm","","","","","1"
"TP7","+15V","TestPoint:TestPoint_Keystone_5000-5004_Miniature","5001","Keystone","","","1"
"TP8","+3V3","TestPoint:TestPoint_Keystone_5000-5004_Miniature","5001","Keystone","","","1"
"TP9","GND_STAR","TestPoint:TestPoint_Keystone_5000-5004_Miniature","5001","Keystone","","","1"
"TP10","SHUNT_HI","TestPoint:TestPoint_Keystone_5000-5004_Miniature","5001","Keystone","","","1"
"TP11","SHUNT_LO","TestPoint:TestPoint_Keystone_5000-5004_Miniature","5001","Keystone","","","1"
"TP12","ADC1_I","TestPoint:TestPoint_Keystone_5000-5004_Miniature","5001","Keystone","","","1"
"TP13","KELVIN_HI","TestPoint:TestPoint_Keystone_5000-5004_Miniature","5001","Keystone","","","1"
"TP14","KELVIN_LO","TestPoint:TestPoint_Keystone_5000-5004_Miniature","5001","Keystone","","","1"
"TP15","ADC2_V","TestPoint:TestPoint_Keystone_5000-5004_Miniature","5001","Keystone","","","1"
"TP16","GATE_AMP","TestPoint:TestPoint_Keystone_5000-5004_Miniature","5001","Keystone","","","1"
"TP17","PTC_OUT","TestPoint:TestPoint_Keystone_5000-5004_Miniature","5001","Keystone","","","1"
"TP18","DUT_G","TestPoint:TestPoint_Keystone_5000-5004_Miniature","5001","Keystone","","","1"
"TP19","DUT_D","TestPoint:TestPoint_Keystone_5000-5004_Miniature","5001","Keystone","","","1"
"TP20","DAC_SWEEP","TestPoint:TestPoint_Keystone_5000-5004_Miniature","5001","Keystone","","","1"
"TP21","DAC_GATE","TestPoint:TestPoint_Keystone_5000-5004_Miniature","5001","Keystone","","","1"
"TP22","DA_OUT","TestPoint:TestPoint_Keystone_5000-5004_Miniature","5001","Keystone","","","1"
"TP23","VDIV","TestPoint:TestPoint_Keystone_5000-5004_Miniature","5001","Keystone","","","1"
"TP24","KBUF_OUT","TestPoint:TestPoint_Keystone_5000-5004_Miniature","5001","Keystone","","","1"
"TP25","BUF_HI","TestPoint:TestPoint_Keystone_5000-5004_Miniature","5001","Keystone","","","1"
"TP26","BUF_LO","TestPoint:TestPoint_Keystone_5000-5004_Miniature","5001","Keystone","","","1"
"TP27","GNDPWR","TestPoint:TestPoint_Keystone_5000-5004_Miniature","5001","Keystone","","","1"
"U1-U3","OPA2197IDR","Package_SO:SOIC-8_3.9x4.9mm_P1.27mm","OPA2197IDR","Texas Instruments","C139363","","3"
