Designator,Mid X,Mid Y,Layer,Rotation
C2,66.2800mm,-61.6000mm,Top,270
C3,103.2000mm,-85.4000mm,Top,90
C4,103.2000mm,-98.1000mm,Top,90
C5,49.5000mm,-62.5000mm,Top,180
C6,87.3000mm,-71.0900mm,Top,0
C7,87.3000mm,-90.0900mm,Top,0
C8,87.3000mm,-106.0900mm,Top,0
D1,66.2800mm,-66.0000mm,Top,180
D2,55.0000mm,-126.0000mm,Top,0
D4,99.6000mm,-86.6000mm,Top,270
D5,99.6000mm,-99.3000mm,Top,270
F1,64.0000mm,-84.5000mm,Top,270
Q2,66.2800mm,-70.0000mm,Top,270
R1,76.3800mm,-73.9000mm,Top,0
R2,77.2000mm,-76.3000mm,Top,270
R3,71.0000mm,-63.5000mm,Top,90
R5,61.5000mm,-71.0000mm,Top,270
R7,64.0000mm,-77.5000mm,Top,270
R9,88.0000mm,-75.0000mm,Top,270
R10,88.0000mm,-78.4000mm,Top,270
R11,92.0000mm,-77.0000mm,Top,90
R12,59.5000mm,-94.0000mm,Top,0
R13,58.5000mm,-98.0000mm,Top,0
R14,58.5000mm,-101.0000mm,Top,0
R15,74.5000mm,-98.5000mm,Top,0
R16,74.5000mm,-101.0000mm,Top,0
R17,90.0000mm,-98.5000mm,Top,0
R18,90.0000mm,-101.0000mm,Top,0
R19,101.0000mm,-83.1800mm,Top,0
R20,88.3000mm,-111.6000mm,Top,180
R21,88.3000mm,-113.2000mm,Top,0
R22,101.0000mm,-95.8800mm,Top,0
U1,82.0000mm,-73.0000mm,Top,270
U2,82.0000mm,-92.0000mm,Top,270
U3,82.0000mm,-108.0000mm,Top,270
