Comment,Designator,Footprint,LCSC Part #
100n X7R 50V,"C2,C6,C7,C8",C_0603_1608Metric,C14663
10n X7R 50V,"C3,C4",C_0603_1608Metric,C57112
10u 50V,C5,CP_Elec_5x5.4,C72487
1N4148W,D1,D_SOD-123,C81598
BZT52C12 12V,D2,D_SOD-123,C173429
BAT54S,"D4,D5",SOT-23,C7420333
PTC 100mA hold,F1,Fuse_1206_3216Metric,C70065
MMBT3904,Q2,SOT-23,C20526
23.2k 0.1%,"R1,R9",R_0603_1608Metric,C861768
10k 0.1%,"R2,R10",R_0603_1608Metric,C95204
330 1% 1W,R3,R_2512_6332Metric,C2934068
10 1%,R5,R_1206_3216Metric,C511457
22 1% 1W,R7,R_2512_6332Metric,C276336
1k 1% 1W,R11,R_2512_6332Metric,C2960683
1 1% 1W,R12,R_2512_6332Metric,C181756
100 0.1%,R13,R_0805_2012Metric,C110773
10k 0.1%,R14,R_0805_2012Metric,C110775
1k 0.1%,"R15,R17",R_0805_2012Metric,C110774
20k 0.1%,"R16,R18",R_0805_2012Metric,C469660
1k 1%,"R19,R22",R_0603_1608Metric,C21190
300k 0.1%,R20,R_0603_1608Metric,C705762
100k 0.1%,R21,R_0603_1608Metric,C122538
OPA2197IDR,"U1,U2,U3",SOIC-8_3.9x4.9mm_P1.27mm,C139363
"HAND-SOLDER, not PCBA: 15V: DC-005 2.0, LCSC C16214",J1,BarrelJack_Horizontal,
"HAND-SOLDER, not PCBA: 2x PZ254V-11-02P, LCSC C492401","J2,J5",PinHeader_1x02_P2.54mm_Vertical,
"HAND-SOLDER, not PCBA: 2x PZ254V-12-6P, LCSC C492420","J3,J4",PinHeader_2x03_P2.54mm_Vertical_RangeSelect,
"HAND-SOLDER, not PCBA: DUT: KF301-5.0-3P, LCSC C474882",J6,"TerminalBlock_Phoenix_MKDS-1,5-3_1x03_P5.00mm_Horizontal",
"HAND-SOLDER, not PCBA: 2x PM254-2-19-Z-8.5, LCSC C2897420","J7,J8",PinSocket_2x19_P2.54mm_Vertical_NucleoCarrier,
"HAND-SOLDER, not PCBA: BD139, LCSC C27866",Q1,TO-126-3_Vertical,
"HAND-SOLDER, not PCBA: 26x 5001, not stocked at LCSC","TP1,TP2,TP3,TP4,TP5,TP7,TP8,TP9,TP10,TP11,TP12,TP13,TP14,TP15,TP16,TP17,TP18,TP19,TP20,TP21,TP22,TP23,TP24,TP25,TP26,TP27",TestPoint_Keystone_5000-5004_Miniature,
